,bone disease,psychiatric disorder,biological process,protein measurement,diabetes mellitus,colorectal cancer,non-small cell lung carcinoma,liver disease,autoimmune disease,squamous cell carcinoma
Overall Ranking,1,2,3,4,5,6,7,8,9,10
Number of connections,29,28,25,27,17,19,16,21,21,17
Degree Centrality,40,62,79,137,114,142,105,149,206,167
Closeness Centrality,6,18,30,25,118,88,160,64,57,135
Betweeness Centrality,49,17,38,20,28,27,31,47,21,33
Pagerank Centrality,37,60,74,108,107,157,118,156,218,177
